,Team,Champion,win_loss_pct,off_rtg,def_rtg,efg_pct
0,Golden State Warriors 2015-16,False,0.89,114.5,103.8,0.563
1,Chicago Bulls 1995-96,True,0.878,115.2,101.8,0.517
2,Chicago Bulls 1996-97,True,0.841,114.4,102.4,0.511
3,Boston Celtics 1985-86,True,0.817,111.8,102.6,0.518
4,Chicago Bulls 1991-92,True,0.817,115.5,104.5,0.518
5,Los Angeles Lakers 1999-00,False,0.817,107.3,98.2,0.484
6,Dallas Mavericks 2006-07,False,0.817,111.3,103.2,0.509
7,Golden State Warriors 2014-15,True,0.817,111.6,101.4,0.54
8,San Antonio Spurs 2015-16,False,0.817,110.3,99.0,0.526
9,Golden State Warriors 2016-17,True,0.817,115.6,104.0,0.563
10,Boston Celtics 2007-08,False,0.805,110.2,98.9,0.522
11,Cleveland Cavaliers 2008-09,False,0.805,112.4,102.4,0.519
12,Miami Heat 2012-13,True,0.805,112.3,103.7,0.552
13,Philadelphia 76ers 1982-83,True,0.793,108.3,100.9,0.501
14,Los Angeles Lakers 1986-87,True,0.793,115.6,106.5,0.528
15,Los Angeles Lakers 2008-09,False,0.793,112.8,104.7,0.513
16,Houston Rockets 2017-18,False,0.793,114.7,106.1,0.551
17,Seattle SuperSonics 1995-96,False,0.78,110.3,102.1,0.526
18,Utah Jazz 1996-97,False,0.78,113.6,104.0,0.53
19,Detroit Pistons 2005-06,False,0.78,110.8,103.1,0.497
20,Boston Celtics 1981-82,False,0.768,109.8,103.5,0.502
21,Boston Celtics 1984-85,False,0.768,112.8,106.3,0.515
22,Detroit Pistons 1988-89,True,0.768,110.8,104.7,0.502
23,Los Angeles Lakers 1989-90,False,0.768,114.0,107.0,0.512
24,Portland Trail Blazers 1990-91,False,0.768,112.8,104.3,0.509
25,Seattle SuperSonics 1993-94,False,0.768,111.1,101.5,0.501
26,San Antonio Spurs 2005-06,False,0.768,107.3,99.6,0.513
27,Boston Celtics 1980-81,True,0.756,108.4,102.6,0.509
28,Philadelphia 76ers 1980-81,False,0.756,107.0,99.5,0.515
29,Boston Celtics 1983-84,True,0.756,110.9,104.4,0.504
30,Los Angeles Lakers 1984-85,True,0.756,114.1,107.0,0.551
31,Los Angeles Lakers 1985-86,False,0.756,113.3,105.8,0.532
32,Los Angeles Lakers 1987-88,True,0.756,113.1,107.3,0.515
33,Phoenix Suns 1992-93,False,0.756,113.3,106.7,0.521
34,San Antonio Spurs 1994-95,False,0.756,111.7,105.4,0.516
35,Chicago Bulls 1997-98,True,0.756,107.7,99.8,0.473
36,Utah Jazz 1997-98,False,0.756,112.7,105.4,0.51
37,Phoenix Suns 2004-05,False,0.756,114.5,107.1,0.534
38,Boston Celtics 2008-09,False,0.756,110.5,102.3,0.528
39,Chicago Bulls 2010-11,False,0.756,108.3,100.3,0.501
40,San Antonio Spurs 2013-14,True,0.756,110.5,102.4,0.537
41,Boston Celtics 1979-80,False,0.744,109.4,101.9,0.501
42,Chicago Bulls 1990-91,True,0.744,114.6,105.2,0.521
43,Miami Heat 1996-97,False,0.744,106.8,100.6,0.507
44,Los Angeles Lakers 1997-98,False,0.744,111.9,103.7,0.519
45,Seattle SuperSonics 1997-98,False,0.744,111.6,103.6,0.521
46,Sacramento Kings 2001-02,False,0.744,109.0,101.1,0.497
47,Indiana Pacers 2003-04,False,0.744,103.8,97.2,0.471
48,Phoenix Suns 2006-07,False,0.744,113.9,106.4,0.551
49,Cleveland Cavaliers 2009-10,False,0.744,111.2,104.1,0.532
50,San Antonio Spurs 2010-11,False,0.744,111.8,105.6,0.527
51,San Antonio Spurs 2016-17,False,0.744,111.1,103.5,0.524
52,Los Angeles Lakers 1979-80,True,0.732,109.5,103.9,0.53
53,Milwaukee Bucks 1980-81,False,0.732,108.7,101.8,0.5
54,New York Knicks 1992-93,False,0.732,106.1,99.7,0.479
55,Utah Jazz 1994-95,False,0.732,114.3,105.7,0.535
56,Orlando Magic 1995-96,False,0.732,112.9,106.9,0.529
57,Dallas Mavericks 2002-03,False,0.732,110.7,102.3,0.498
58,San Antonio Spurs 2002-03,False,0.732,105.6,99.7,0.497
59,Dallas Mavericks 2005-06,False,0.732,111.8,105.0,0.495
60,Oklahoma City Thunder 2012-13,False,0.732,112.4,102.6,0.527
61,Atlanta Hawks 2014-15,False,0.732,108.9,103.1,0.527
62,Milwaukee Bucks 2018-19,False,0.732,113.8,105.2,0.55
63,Philadelphia 76ers 1979-80,False,0.72,105.0,101.0,0.494
64,Milwaukee Bucks 1984-85,False,0.72,110.5,103.6,0.497
65,Boston Celtics 1986-87,False,0.72,113.5,106.8,0.532
66,Detroit Pistons 1989-90,True,0.72,109.9,103.5,0.49
67,Portland Trail Blazers 1989-90,False,0.72,110.5,104.4,0.486
68,Phoenix Suns 1994-95,False,0.72,114.5,110.4,0.524
69,San Antonio Spurs 1995-96,False,0.72,110.2,103.5,0.516
70,Portland Trail Blazers 1999-00,False,0.72,107.9,100.8,0.501
71,Sacramento Kings 2002-03,False,0.72,105.9,99.1,0.499
72,Miami Heat 2004-05,False,0.72,110.2,103.1,0.524
73,San Antonio Spurs 2004-05,False,0.72,107.5,98.8,0.492
74,Detroit Pistons 2007-08,False,0.72,111.4,102.9,0.495
75,Orlando Magic 2008-09,False,0.72,109.2,101.9,0.52
76,Orlando Magic 2009-10,False,0.72,111.4,103.3,0.536
77,Oklahoma City Thunder 2013-14,False,0.72,110.5,103.9,0.52
78,Toronto Raptors 2017-18,False,0.72,113.8,105.9,0.539
79,Philadelphia 76ers 1981-82,False,0.707,109.6,103.9,0.521
80,Los Angeles Lakers 1982-83,False,0.707,110.5,105.2,0.528
81,Philadelphia 76ers 1984-85,False,0.707,111.3,107.3,0.497
82,Los Angeles Lakers 1990-91,False,0.707,112.1,105.0,0.5
83,Houston Rockets 1993-94,True,0.707,105.9,101.4,0.507
84,Indiana Pacers 1997-98,False,0.707,108.4,101.6,0.502
85,San Antonio Spurs 2000-01,False,0.707,106.6,98.0,0.496
86,Los Angeles Lakers 2001-02,False,0.707,109.4,101.7,0.498
87,San Antonio Spurs 2001-02,False,0.707,106.5,99.7,0.492
88,Minnesota Timberwolves 2003-04,False,0.707,105.9,99.7,0.486
89,Dallas Mavericks 2004-05,False,0.707,110.3,104.1,0.492
90,San Antonio Spurs 2006-07,False,0.707,109.2,99.9,0.521
91,Miami Heat 2010-11,False,0.707,111.7,103.5,0.524
92,San Antonio Spurs 2012-13,False,0.707,108.3,101.6,0.531
93,Golden State Warriors 2017-18,True,0.707,113.6,107.6,0.569
94,Toronto Raptors 2018-19,True,0.707,113.1,107.1,0.543
95,Phoenix Suns 1980-81,False,0.695,104.6,99.4,0.492
96,Los Angeles Lakers 1981-82,True,0.695,110.2,105.5,0.518
97,Milwaukee Bucks 1985-86,False,0.695,111.4,102.7,0.501
98,Atlanta Hawks 1986-87,False,0.695,112.6,105.2,0.49
99,Boston Celtics 1987-88,False,0.695,115.4,109.4,0.541
100,Cleveland Cavaliers 1988-89,False,0.695,110.6,102.9,0.514
101,Los Angeles Lakers 1988-89,False,0.695,113.8,106.7,0.518
102,Cleveland Cavaliers 1991-92,False,0.695,113.9,108.2,0.506
103,Portland Trail Blazers 1991-92,False,0.695,111.4,104.2,0.495
104,Chicago Bulls 1992-93,True,0.695,112.9,106.1,0.499
105,Atlanta Hawks 1993-94,False,0.695,107.2,101.7,0.48
106,New York Knicks 1993-94,False,0.695,105.7,98.2,0.483
107,Orlando Magic 1994-95,False,0.695,115.1,107.8,0.539
108,Seattle SuperSonics 1994-95,False,0.695,114.8,106.3,0.527
109,Houston Rockets 1996-97,False,0.695,108.8,104.0,0.52
110,New York Knicks 1996-97,False,0.695,104.4,101.0,0.501
111,Seattle SuperSonics 1996-97,False,0.695,111.2,102.7,0.51
112,Dallas Mavericks 2001-02,False,0.695,112.2,107.7,0.507
113,San Antonio Spurs 2003-04,False,0.695,102.2,94.1,0.473
114,Los Angeles Lakers 2007-08,False,0.695,113.0,105.5,0.525
115,Los Angeles Lakers 2009-10,True,0.695,108.8,103.7,0.496
116,Dallas Mavericks 2010-11,True,0.695,109.7,105.0,0.525
117,Los Angeles Lakers 2010-11,False,0.695,111.0,104.3,0.502
118,Denver Nuggets 2012-13,False,0.695,110.4,105.1,0.515
119,Los Angeles Clippers 2013-14,False,0.695,112.1,104.8,0.526
120,Cleveland Cavaliers 2015-16,True,0.695,110.9,104.5,0.524
121,Golden State Warriors 2018-19,False,0.695,115.9,109.5,0.565
122,Seattle SuperSonics 1979-80,False,0.683,105.8,101.2,0.474
123,Boston Celtics 1982-83,False,0.683,106.9,101.8,0.494
124,San Antonio Spurs 1989-90,False,0.683,107.7,104.2,0.488
125,Boston Celtics 1990-91,False,0.683,112.6,106.7,0.52
126,Phoenix Suns 1993-94,False,0.683,111.7,106.8,0.509
127,Atlanta Hawks 1996-97,False,0.683,108.5,102.3,0.498
128,Los Angeles Lakers 1996-97,False,0.683,108.3,103.7,0.496
129,Phoenix Suns 1997-98,False,0.683,107.4,101.8,0.5
130,San Antonio Spurs 1997-98,False,0.683,103.8,99.4,0.493
131,Indiana Pacers 1999-00,False,0.683,108.5,103.6,0.503
132,Los Angeles Lakers 2000-01,False,0.683,108.4,104.8,0.498
133,Philadelphia 76ers 2000-01,False,0.683,103.6,98.9,0.468
134,Los Angeles Lakers 2003-04,False,0.683,105.5,101.3,0.481
135,New Orleans Hornets 2007-08,False,0.683,111.5,105.7,0.512
136,San Antonio Spurs 2007-08,False,0.683,107.2,101.8,0.504
137,Boston Celtics 2010-11,False,0.683,106.2,100.3,0.519
138,Los Angeles Clippers 2012-13,False,0.683,110.6,103.6,0.526
139,Memphis Grizzlies 2012-13,False,0.683,104.9,100.3,0.472
140,Indiana Pacers 2013-14,False,0.683,104.1,99.3,0.49
141,Houston Rockets 2014-15,False,0.683,107.0,103.4,0.512
142,Los Angeles Clippers 2014-15,False,0.683,112.4,105.5,0.533
143,Toronto Raptors 2015-16,False,0.683,110.0,105.2,0.504
144,Phoenix Suns 1979-80,False,0.671,105.6,102.2,0.498
145,Milwaukee Bucks 1981-82,False,0.671,107.7,102.3,0.509
146,Dallas Mavericks 1986-87,False,0.671,114.9,108.7,0.503
147,Phoenix Suns 1988-89,False,0.671,113.1,105.7,0.509
148,Chicago Bulls 1989-90,False,0.671,112.3,109.0,0.516
149,Utah Jazz 1989-90,False,0.671,110.3,105.4,0.522
150,Phoenix Suns 1990-91,False,0.671,112.6,106.1,0.506
151,San Antonio Spurs 1990-91,False,0.671,107.8,103.3,0.494
152,Golden State Warriors 1991-92,False,0.671,113.6,109.9,0.524
153,Utah Jazz 1991-92,False,0.671,112.2,105.6,0.504
154,Houston Rockets 1992-93,False,0.671,109.6,105.2,0.515
155,Seattle SuperSonics 1992-93,False,0.671,112.3,104.9,0.502
156,Chicago Bulls 1993-94,False,0.671,106.1,102.7,0.493
157,San Antonio Spurs 1993-94,False,0.671,110.4,104.6,0.494
158,New York Knicks 1994-95,False,0.671,107.2,103.8,0.508
159,Utah Jazz 1995-96,False,0.671,113.3,106.1,0.517
160,Miami Heat 1997-98,False,0.671,107.6,102.0,0.494
161,Utah Jazz 1999-00,False,0.671,107.3,102.3,0.49
162,Sacramento Kings 2000-01,False,0.671,105.6,99.6,0.484
163,Sacramento Kings 2003-04,False,0.671,110.3,104.9,0.507
164,Houston Rockets 2007-08,False,0.671,106.8,101.6,0.492
165,Phoenix Suns 2007-08,False,0.671,113.3,108.1,0.551
166,Dallas Mavericks 2009-10,False,0.671,109.2,106.3,0.506
167,Oklahoma City Thunder 2010-11,False,0.671,111.2,107.2,0.501
168,Memphis Grizzlies 2014-15,False,0.671,105.7,102.2,0.489
169,San Antonio Spurs 2014-15,False,0.671,108.5,102.0,0.517
170,Oklahoma City Thunder 2015-16,False,0.671,113.1,105.6,0.524
171,Houston Rockets 2016-17,False,0.671,114.7,109.0,0.545
172,Boston Celtics 2017-18,False,0.671,107.6,103.9,0.518
173,Los Angeles Lakers 1980-81,False,0.659,107.6,103.9,0.513
174,Los Angeles Lakers 1983-84,False,0.659,110.9,107.3,0.536
175,Philadelphia 76ers 1985-86,False,0.659,108.6,106.3,0.49
176,Denver Nuggets 1987-88,False,0.659,110.1,106.3,0.486
177,Detroit Pistons 1987-88,False,0.659,110.5,105.3,0.497
178,Phoenix Suns 1989-90,False,0.659,113.1,106.2,0.509
179,Utah Jazz 1990-91,False,0.659,108.6,105.1,0.503
180,Cleveland Cavaliers 1992-93,False,0.659,112.7,106.0,0.518
181,Charlotte Hornets 1996-97,False,0.659,110.9,108.9,0.518
182,Detroit Pistons 1996-97,False,0.659,110.6,104.4,0.512
183,Detroit Pistons 2003-04,False,0.659,102.0,95.4,0.461
184,Detroit Pistons 2004-05,False,0.659,105.6,101.2,0.472
185,Phoenix Suns 2005-06,False,0.659,111.5,105.8,0.537
186,Utah Jazz 2007-08,False,0.659,113.8,106.5,0.528
187,Denver Nuggets 2008-09,False,0.659,110.4,106.8,0.512
188,Portland Trail Blazers 2008-09,False,0.659,113.9,107.8,0.511
189,San Antonio Spurs 2008-09,False,0.659,108.5,104.3,0.513
190,Phoenix Suns 2009-10,False,0.659,115.3,110.2,0.546
191,New York Knicks 2012-13,False,0.659,111.1,106.3,0.515
192,Houston Rockets 2013-14,False,0.659,111.0,106.3,0.531
193,Miami Heat 2013-14,False,0.659,110.9,105.8,0.554
194,Portland Trail Blazers 2013-14,False,0.659,111.5,107.4,0.504
195,Denver Nuggets 2018-19,False,0.659,113.0,108.9,0.527
196,Phoenix Suns 1982-83,False,0.646,105.1,100.1,0.499
197,San Antonio Spurs 1982-83,False,0.646,110.1,106.6,0.51
198,Dallas Mavericks 1987-88,False,0.646,112.2,107.7,0.485
199,Portland Trail Blazers 1987-88,False,0.646,111.8,107.4,0.499
200,Philadelphia 76ers 1989-90,False,0.646,113.5,108.4,0.502
201,Phoenix Suns 1991-92,False,0.646,112.1,106.2,0.508
202,Utah Jazz 1993-94,False,0.646,108.6,104.1,0.49
203,Los Angeles Lakers 1995-96,False,0.646,111.4,106.6,0.515
204,Phoenix Suns 1999-00,False,0.646,104.6,99.0,0.491
205,San Antonio Spurs 1999-00,False,0.646,105.0,98.6,0.488
206,Dallas Mavericks 2000-01,False,0.646,107.1,102.6,0.498
207,Utah Jazz 2000-01,False,0.646,107.6,102.4,0.497
208,Detroit Pistons 2006-07,False,0.646,108.9,104.2,0.488
209,Houston Rockets 2008-09,False,0.646,108.4,104.0,0.501
210,Atlanta Hawks 2009-10,False,0.646,111.9,106.7,0.506
211,Denver Nuggets 2009-10,False,0.646,111.8,107.5,0.509
212,Utah Jazz 2009-10,False,0.646,110.7,105.0,0.524
213,Cleveland Cavaliers 2014-15,False,0.646,111.1,106.3,0.52
214,Los Angeles Clippers 2015-16,False,0.646,108.3,103.8,0.524
215,Boston Celtics 2016-17,False,0.646,111.2,108.4,0.525
216,Houston Rockets 2018-19,False,0.646,115.5,110.7,0.542
217,Portland Trail Blazers 2018-19,False,0.646,114.7,110.5,0.528
218,San Antonio Spurs 1980-81,False,0.634,108.5,105.7,0.492
219,Seattle SuperSonics 1981-82,False,0.634,106.4,102.3,0.491
220,Philadelphia 76ers 1983-84,False,0.634,106.8,104.6,0.497
221,Denver Nuggets 1984-85,False,0.634,110.7,108.4,0.491
222,Detroit Pistons 1986-87,False,0.634,109.2,105.8,0.492
223,Atlanta Hawks 1988-89,False,0.634,112.2,107.2,0.48
224,New York Knicks 1988-89,False,0.634,111.1,107.5,0.512
225,Boston Celtics 1989-90,False,0.634,112.0,107.9,0.506
226,Houston Rockets 1990-91,False,0.634,107.4,103.9,0.489
227,Indiana Pacers 1994-95,False,0.634,109.6,105.6,0.507
228,Indiana Pacers 1995-96,False,0.634,110.8,107.2,0.509
229,Miami Heat 1999-00,False,0.634,104.5,101.0,0.495
230,Milwaukee Bucks 2000-01,False,0.634,108.8,104.6,0.499
231,New Jersey Nets 2001-02,False,0.634,104.0,99.5,0.476
232,Dallas Mavericks 2003-04,False,0.634,112.1,107.4,0.495
233,Seattle SuperSonics 2004-05,False,0.634,112.2,109.6,0.495
234,Miami Heat 2005-06,False,0.634,108.7,104.5,0.517
235,Houston Rockets 2006-07,False,0.634,106.0,100.7,0.499
236,Orlando Magic 2007-08,False,0.634,111.3,105.5,0.537
237,Orlando Magic 2010-11,False,0.634,107.9,102.0,0.521
238,Philadelphia 76ers 2017-18,False,0.634,109.5,105.0,0.535
239,Milwaukee Bucks 1982-83,False,0.622,105.8,101.4,0.491
240,Houston Rockets 1985-86,False,0.622,110.1,107.6,0.496
241,Utah Jazz 1988-89,False,0.622,106.6,101.5,0.491
242,Boston Celtics 1991-92,False,0.622,110.8,107.0,0.5
243,New York Knicks 1991-92,False,0.622,108.3,104.2,0.491
244,Portland Trail Blazers 1992-93,False,0.622,108.3,105.2,0.476
245,Charlotte Hornets 1997-98,False,0.622,107.5,105.3,0.495
246,Phoenix Suns 2000-01,False,0.622,100.3,98.0,0.46
247,Minnesota Timberwolves 2002-03,False,0.622,106.1,103.8,0.488
248,Houston Rockets 2004-05,False,0.622,106.2,101.7,0.486
249,Utah Jazz 2006-07,False,0.622,110.1,107.0,0.502
250,Dallas Mavericks 2007-08,False,0.622,111.1,106.1,0.502
251,Golden State Warriors 2013-14,False,0.622,107.5,102.6,0.517
252,Portland Trail Blazers 2014-15,False,0.622,108.2,103.7,0.508
253,Cleveland Cavaliers 2016-17,False,0.622,113.6,110.3,0.547
254,Los Angeles Clippers 2016-17,False,0.622,112.7,108.2,0.537
255,Toronto Raptors 2016-17,False,0.622,112.3,107.8,0.517
256,Utah Jazz 2016-17,False,0.622,109.6,105.3,0.526
257,Philadelphia 76ers 2018-19,False,0.622,112.6,110.0,0.532
258,Atlanta Hawks 1979-80,False,0.61,105.2,102.3,0.465
259,New York Knicks 1980-81,False,0.61,106.0,104.4,0.487
260,Milwaukee Bucks 1983-84,False,0.61,107.8,103.6,0.497
261,Atlanta Hawks 1985-86,False,0.61,107.9,105.6,0.493
262,Milwaukee Bucks 1986-87,False,0.61,109.5,105.6,0.487
263,Atlanta Hawks 1987-88,False,0.61,111.3,107.6,0.491
264,Chicago Bulls 1987-88,False,0.61,109.0,105.5,0.494
265,Detroit Pistons 1990-91,False,0.61,108.2,104.6,0.474
266,Golden State Warriors 1993-94,False,0.61,108.3,106.5,0.512
267,Orlando Magic 1993-94,False,0.61,110.8,106.7,0.514
268,Charlotte Hornets 1994-95,False,0.61,109.6,106.1,0.517
269,Atlanta Hawks 1997-98,False,0.61,108.2,104.3,0.481
270,Minnesota Timberwolves 1999-00,False,0.61,106.1,103.4,0.485
271,New York Knicks 1999-00,False,0.61,102.5,100.9,0.482
272,Miami Heat 2000-01,False,0.61,101.1,98.5,0.469
273,Portland Trail Blazers 2000-01,False,0.61,106.5,101.8,0.497
274,Detroit Pistons 2001-02,False,0.61,104.8,102.4,0.497
275,Minnesota Timberwolves 2001-02,False,0.61,109.0,105.3,0.49
276,Detroit Pistons 2002-03,False,0.61,104.1,99.9,0.473
277,Los Angeles Lakers 2002-03,False,0.61,107.2,104.7,0.486
278,Portland Trail Blazers 2002-03,False,0.61,105.5,102.6,0.489
279,Memphis Grizzlies 2003-04,False,0.61,104.8,102.2,0.479
280,Sacramento Kings 2004-05,False,0.61,110.5,108.2,0.496
281,Cleveland Cavaliers 2005-06,False,0.61,107.8,105.4,0.492
282,Cleveland Cavaliers 2006-07,False,0.61,105.5,101.3,0.484
283,Denver Nuggets 2007-08,False,0.61,110.0,106.3,0.51
284,Dallas Mavericks 2008-09,False,0.61,110.5,108.4,0.504
285,Boston Celtics 2009-10,False,0.61,107.7,103.8,0.522
286,Oklahoma City Thunder 2009-10,False,0.61,108.3,104.6,0.494
287,Portland Trail Blazers 2009-10,False,0.61,110.8,107.1,0.499
288,San Antonio Spurs 2009-10,False,0.61,110.0,104.5,0.515
289,Denver Nuggets 2010-11,False,0.61,112.3,107.3,0.526
290,Chicago Bulls 2011-12,False,0.758,107.4,98.3,0.49
291,San Antonio Spurs 2011-12,False,0.758,110.9,103.2,0.528
292,Memphis Grizzlies 2013-14,False,0.61,106.3,104.6,0.494
293,Chicago Bulls 2014-15,False,0.61,107.5,104.3,0.489
294,Dallas Mavericks 2014-15,False,0.61,109.5,106.4,0.515
295,Cleveland Cavaliers 2017-18,False,0.61,112.9,111.9,0.547
296,Utah Jazz 2018-19,False,0.61,110.9,105.7,0.538
297,Milwaukee Bucks 1979-80,False,0.598,106.8,102.9,0.491
298,New Jersey Nets 1982-83,False,0.598,101.6,98.9,0.494
299,Detroit Pistons 1983-84,False,0.598,111.5,108.1,0.482
300,Portland Trail Blazers 1986-87,False,0.598,111.5,108.6,0.51
301,Milwaukee Bucks 1988-89,False,0.598,110.1,106.4,0.487
302,San Antonio Spurs 1992-93,False,0.598,109.6,106.8,0.507
303,Portland Trail Blazers 1996-97,False,0.598,107.9,103.3,0.503
304,Charlotte Hornets 1999-00,False,0.598,104.3,101.4,0.475
305,Philadelphia 76ers 1999-00,False,0.598,101.5,100.0,0.457
306,Boston Celtics 2001-02,False,0.598,103.4,101.0,0.476
307,Portland Trail Blazers 2001-02,False,0.598,107.4,104.0,0.485
308,New Jersey Nets 2002-03,False,0.598,103.8,98.1,0.468
309,Denver Nuggets 2004-05,False,0.598,106.0,103.9,0.483
310,Memphis Grizzlies 2005-06,False,0.598,105.9,101.6,0.496
311,New Jersey Nets 2005-06,False,0.598,103.9,102.4,0.478
312,Chicago Bulls 2006-07,False,0.598,104.9,99.6,0.493
313,New Orleans Hornets 2008-09,False,0.598,108.7,107.0,0.501
314,Brooklyn Nets 2012-13,False,0.598,108.2,106.2,0.498
315,Indiana Pacers 2012-13,False,0.605,104.3,99.8,0.479
316,Dallas Mavericks 2013-14,False,0.598,111.2,108.7,0.526
317,Toronto Raptors 2014-15,False,0.598,111.0,107.7,0.508
318,Washington Wizards 2016-17,False,0.598,111.2,109.3,0.528
319,Portland Trail Blazers 2017-18,False,0.598,109.1,106.4,0.511
320,Boston Celtics 2018-19,False,0.598,112.2,107.8,0.534
321,Oklahoma City Thunder 2018-19,False,0.598,110.3,107.0,0.514
322,San Antonio Spurs 1981-82,False,0.585,109.9,107.6,0.49
323,Seattle SuperSonics 1982-83,False,0.585,105.9,102.8,0.496
324,Portland Trail Blazers 1983-84,False,0.585,111.2,107.7,0.507
325,Houston Rockets 1984-85,False,0.585,107.9,106.3,0.507
326,Milwaukee Bucks 1990-91,False,0.585,109.7,107.2,0.499
327,Detroit Pistons 1991-92,False,0.585,107.5,105.3,0.477
328,Boston Celtics 1992-93,False,0.585,108.7,107.8,0.495
329,Los Angeles Lakers 1994-95,False,0.585,109.1,109.4,0.5
330,Houston Rockets 1995-96,False,0.585,109.3,107.4,0.512
331,New York Knicks 2000-01,False,0.585,101.2,98.2,0.476
332,Indiana Pacers 2002-03,False,0.585,104.6,100.8,0.469
333,Philadelphia 76ers 2002-03,False,0.585,105.0,102.5,0.466
334,Golden State Warriors 2007-08,False,0.585,111.8,109.5,0.511
335,Utah Jazz 2008-09,False,0.585,110.1,107.3,0.504
336,Portland Trail Blazers 2010-11,False,0.585,108.8,107.1,0.486
337,Chicago Bulls 2013-14,False,0.585,102.5,100.5,0.471
338,Phoenix Suns 2013-14,False,0.585,109.5,106.7,0.519
339,Toronto Raptors 2013-14,False,0.585,108.8,105.3,0.498
340,Atlanta Hawks 2015-16,False,0.585,105.1,101.4,0.516
341,Boston Celtics 2015-16,False,0.585,106.8,103.6,0.488
342,Charlotte Hornets 2015-16,False,0.585,107.1,104.3,0.502
343,Miami Heat 2015-16,False,0.585,106.1,104.4,0.508
344,Indiana Pacers 2017-18,False,0.585,109.5,108.1,0.525
345,New Orleans Pelicans 2017-18,False,0.585,109.6,108.3,0.541
346,Oklahoma City Thunder 2017-18,False,0.585,110.7,107.2,0.514
347,Utah Jazz 2017-18,False,0.585,108.4,103.9,0.527
348,Indiana Pacers 2018-19,False,0.585,109.9,106.5,0.53
349,Los Angeles Clippers 2018-19,False,0.585,112.4,111.5,0.529
350,San Antonio Spurs 2018-19,False,0.585,112.9,111.2,0.534
351,Kansas City Kings 1979-80,False,0.573,104.0,101.0,0.48
352,New York Knicks 1983-84,False,0.573,107.0,103.1,0.499
353,Denver Nuggets 1985-86,False,0.573,107.1,105.9,0.475
354,Utah Jazz 1987-88,False,0.573,106.8,103.1,0.5
355,Chicago Bulls 1988-89,False,0.573,109.1,107.7,0.507
356,Seattle SuperSonics 1988-89,False,0.573,111.5,108.6,0.496
357,Dallas Mavericks 1989-90,False,0.573,107.2,107.2,0.487
358,San Antonio Spurs 1991-92,False,0.573,107.5,104.1,0.485
359,Seattle SuperSonics 1991-92,False,0.573,110.7,108.8,0.489
360,Utah Jazz 1992-93,False,0.573,109.6,107.4,0.498
361,Cleveland Cavaliers 1993-94,False,0.573,109.4,105.1,0.487
362,Indiana Pacers 1993-94,False,0.573,107.8,104.2,0.5
363,Portland Trail Blazers 1993-94,False,0.573,108.1,105.5,0.472
364,Chicago Bulls 1994-95,False,0.573,109.5,104.3,0.509
365,Houston Rockets 1994-95,True,0.573,109.7,107.4,0.529
366,Cleveland Cavaliers 1995-96,False,0.573,109.9,106.7,0.51
367,New York Knicks 1995-96,False,0.573,106.0,103.5,0.509
368,Cleveland Cavaliers 1997-98,False,0.573,102.2,99.1,0.478
369,Minnesota Timberwolves 2000-01,False,0.573,105.2,103.7,0.482
370,Toronto Raptors 2000-01,False,0.573,105.9,103.4,0.468
371,New Orleans Hornets 2002-03,False,0.573,103.9,101.6,0.465
372,Utah Jazz 2002-03,False,0.573,105.5,102.8,0.486
373,New Jersey Nets 2003-04,False,0.573,100.8,98.0,0.471
374,Chicago Bulls 2004-05,False,0.573,101.4,100.3,0.471
375,Los Angeles Clippers 2005-06,False,0.573,105.3,103.6,0.487
376,Toronto Raptors 2006-07,False,0.573,107.0,106.0,0.504
377,Atlanta Hawks 2008-09,False,0.573,109.3,107.6,0.504
378,Miami Heat 2009-10,False,0.573,106.6,104.1,0.496
379,Oklahoma City Thunder 2011-12,False,0.712,109.8,103.2,0.516
380,Golden State Warriors 2012-13,False,0.573,106.4,105.5,0.506
381,Oklahoma City Thunder 2016-17,False,0.573,108.3,107.5,0.5
382,Minnesota Timberwolves 2017-18,False,0.573,113.4,111.1,0.523
383,San Antonio Spurs 2017-18,False,0.573,107.9,104.8,0.507
384,Denver Nuggets 1981-82,False,0.561,114.3,113.9,0.522
385,Houston Rockets 1981-82,False,0.561,108.3,108.3,0.479
386,Phoenix Suns 1981-82,False,0.561,105.8,102.4,0.495
387,Portland Trail Blazers 1982-83,False,0.561,106.0,103.9,0.488
388,Detroit Pistons 1984-85,False,0.561,109.6,107.2,0.483
389,Detroit Pistons 1985-86,False,0.561,109.0,107.9,0.488
390,Houston Rockets 1987-88,False,0.561,107.1,105.7,0.476
391,Philadelphia 76ers 1988-89,False,0.561,113.0,111.5,0.5
392,Atlanta Hawks 1995-96,False,0.561,109.4,108.0,0.49
393,Detroit Pistons 1995-96,False,0.561,107.9,105.1,0.504
394,Portland Trail Blazers 1997-98,False,0.561,104.0,102.4,0.476
395,Charlotte Hornets 2000-01,False,0.561,101.8,99.5,0.457
396,Phoenix Suns 2008-09,False,0.561,113.6,111.6,0.545
397,Milwaukee Bucks 2009-10,False,0.561,104.9,103.1,0.482
398,Memphis Grizzlies 2010-11,False,0.561,107.6,105.1,0.493
399,New Orleans Hornets 2010-11,False,0.561,106.2,105.2,0.493
400,Miami Heat 2011-12,True,0.697,106.6,100.2,0.505
401,Washington Wizards 2014-15,False,0.561,103.7,103.0,0.499
402,Denver Nuggets 2017-18,False,0.561,112.5,111.0,0.536
403,Chicago Bulls 1980-81,False,0.549,107.8,105.8,0.504
404,Portland Trail Blazers 1980-81,False,0.549,106.5,105.7,0.498
405,Golden State Warriors 1981-82,False,0.549,108.8,107.7,0.502
406,Denver Nuggets 1982-83,False,0.549,109.7,109.1,0.495
407,Kansas City Kings 1982-83,False,0.549,106.2,104.9,0.5
408,New Jersey Nets 1983-84,False,0.549,106.1,105.0,0.501
409,Utah Jazz 1983-84,False,0.549,109.0,108.0,0.505
410,Philadelphia 76ers 1986-87,False,0.549,108.3,108.5,0.497
411,Houston Rockets 1988-89,False,0.549,105.7,104.8,0.486
412,New York Knicks 1989-90,False,0.549,109.4,108.0,0.501
413,Los Angeles Clippers 1991-92,False,0.549,105.8,104.7,0.483
414,New Jersey Nets 1993-94,False,0.549,107.2,104.9,0.461
415,Orlando Magic 1996-97,False,0.549,105.6,106.0,0.481
416,Minnesota Timberwolves 1997-98,False,0.549,107.8,107.1,0.483
417,Seattle SuperSonics 1999-00,False,0.549,105.6,104.6,0.487
418,Toronto Raptors 1999-00,False,0.549,104.7,104.9,0.464
419,Houston Rockets 2000-01,False,0.549,106.7,104.2,0.492
420,Seattle SuperSonics 2001-02,False,0.549,108.9,105.6,0.505
421,Houston Rockets 2003-04,False,0.549,100.9,99.0,0.484
422,Boston Celtics 2004-05,False,0.549,107.5,106.6,0.501
423,Memphis Grizzlies 2004-05,False,0.549,105.5,102.9,0.489
424,Washington Wizards 2004-05,False,0.549,107.2,107.5,0.474
425,Los Angeles Lakers 2005-06,False,0.549,108.4,105.7,0.495
426,Denver Nuggets 2006-07,False,0.549,107.6,105.9,0.501
427,Cleveland Cavaliers 2007-08,False,0.549,106.0,106.4,0.48
428,Chicago Bulls 2012-13,False,0.549,103.5,103.2,0.47
429,Houston Rockets 2012-13,False,0.549,109.7,106.1,0.525
430,Los Angeles Lakers 2012-13,False,0.549,107.8,106.6,0.512
431,New Orleans Pelicans 2014-15,False,0.549,108.2,107.3,0.501
432,Oklahoma City Thunder 2014-15,False,0.549,107.8,105.5,0.492
433,Indiana Pacers 2015-16,False,0.549,104.6,102.9,0.497
434,Indiana Pacers 1980-81,False,0.537,106.4,105.0,0.484
435,New Jersey Nets 1981-82,False,0.537,103.0,102.3,0.487
436,New York Knicks 1982-83,False,0.537,102.4,99.9,0.484
437,Dallas Mavericks 1984-85,False,0.537,111.5,109.3,0.499
438,Dallas Mavericks 1985-86,False,0.537,112.1,111.0,0.51
439,Utah Jazz 1986-87,False,0.537,104.1,103.7,0.473
440,Seattle SuperSonics 1987-88,False,0.537,110.2,108.1,0.491
441,Denver Nuggets 1988-89,False,0.537,108.6,107.1,0.482
442,Milwaukee Bucks 1989-90,False,0.537,107.3,108.1,0.488
443,Golden State Warriors 1990-91,False,0.537,111.9,110.3,0.504
444,Philadelphia 76ers 1990-91,False,0.537,107.9,108.1,0.489
445,Charlotte Hornets 1992-93,False,0.537,109.5,109.7,0.499
446,Portland Trail Blazers 1994-95,False,0.537,109.7,105.7,0.483
447,Portland Trail Blazers 1995-96,False,0.537,106.0,103.5,0.494
448,Washington Bullets 1996-97,False,0.537,106.6,104.9,0.505
449,Sacramento Kings 1999-00,False,0.537,105.0,102.1,0.486
450,Seattle SuperSonics 2000-01,False,0.537,105.6,105.6,0.491
451,Charlotte Hornets 2001-02,False,0.537,104.3,103.3,0.466
452,Orlando Magic 2001-02,False,0.537,107.0,105.3,0.493
453,Utah Jazz 2001-02,False,0.537,105.6,104.6,0.472
454,Boston Celtics 2002-03,False,0.537,101.2,101.6,0.47
455,Phoenix Suns 2002-03,False,0.537,103.7,102.5,0.473
456,Indiana Pacers 2004-05,False,0.537,105.5,104.6,0.476
457,Minnesota Timberwolves 2004-05,False,0.537,108.2,106.6,0.489
458,Denver Nuggets 2005-06,False,0.537,105.5,105.2,0.488
459,Sacramento Kings 2005-06,False,0.537,106.7,105.0,0.492
460,Miami Heat 2006-07,False,0.537,104.3,105.3,0.506
461,Charlotte Bobcats 2009-10,False,0.537,104.4,102.8,0.49
462,Atlanta Hawks 2010-11,False,0.537,106.1,107.0,0.501
463,Atlanta Hawks 2012-13,False,0.537,104.8,104.4,0.517
464,Brooklyn Nets 2013-14,False,0.537,106.7,107.7,0.514
465,Washington Wizards 2013-14,False,0.537,106.0,104.6,0.506
466,Detroit Pistons 2015-16,False,0.537,106.1,105.5,0.491
467,Portland Trail Blazers 2015-16,False,0.537,108.8,108.0,0.511
468,Miami Heat 2017-18,False,0.537,106.8,106.3,0.52
469,Milwaukee Bucks 2017-18,False,0.537,109.8,110.1,0.531
470,Washington Bullets 1981-82,False,0.524,103.3,102.5,0.478
471,Atlanta Hawks 1982-83,False,0.524,102.2,103.2,0.472
472,Dallas Mavericks 1983-84,False,0.524,110.0,109.6,0.503
473,Golden State Warriors 1988-89,False,0.524,107.4,107.7,0.48
474,Denver Nuggets 1989-90,False,0.524,108.0,106.7,0.478
475,Atlanta Hawks 1990-91,False,0.524,110.9,110.1,0.482
476,Los Angeles Lakers 1991-92,False,0.524,107.7,108.9,0.465
477,Atlanta Hawks 1992-93,False,0.524,109.3,110.2,0.493
478,New Jersey Nets 1992-93,False,0.524,106.5,105.2,0.473
479,Cleveland Cavaliers 1994-95,False,0.524,105.3,104.6,0.472
480,New Jersey Nets 1997-98,False,0.524,108.3,106.6,0.463
481,New York Knicks 1997-98,False,0.524,103.0,100.3,0.476
482,Orlando Magic 2000-01,False,0.524,103.2,102.1,0.474
483,Philadelphia 76ers 2001-02,False,0.524,102.1,100.3,0.452
484,Houston Rockets 2002-03,False,0.524,104.3,102.6,0.474
485,Denver Nuggets 2003-04,False,0.524,103.9,102.7,0.467
486,Philadelphia 76ers 2004-05,False,0.524,103.5,104.3,0.475
487,Washington Wizards 2007-08,False,0.524,109.2,109.6,0.489
488,Miami Heat 2008-09,False,0.524,107.8,107.6,0.5
489,Houston Rockets 2010-11,False,0.524,111.3,109.0,0.503
490,Utah Jazz 2012-13,False,0.524,106.7,106.8,0.492
491,Charlotte Bobcats 2013-14,False,0.524,103.6,103.8,0.481
492,Atlanta Hawks 2016-17,False,0.524,104.9,105.7,0.504
493,Memphis Grizzlies 2016-17,False,0.524,107.7,107.1,0.491
494,Washington Wizards 2017-18,False,0.524,109.3,108.7,0.525
495,Atlanta Hawks 1981-82,False,0.512,105.1,104.6,0.476
496,Portland Trail Blazers 1981-82,False,0.512,108.8,108.2,0.507
497,Washington Bullets 1982-83,False,0.512,99.1,99.3,0.473
498,Seattle SuperSonics 1983-84,False,0.512,107.9,108.1,0.49
499,New Jersey Nets 1984-85,False,0.512,107.9,107.7,0.493
500,Portland Trail Blazers 1984-85,False,0.512,110.4,107.2,0.506
501,Utah Jazz 1985-86,False,0.512,104.2,104.6,0.49
502,Golden State Warriors 1986-87,False,0.512,108.9,111.2,0.487
503,Houston Rockets 1986-87,False,0.512,106.5,105.5,0.483
504,Washington Bullets 1986-87,False,0.512,105.7,107.0,0.457
505,Cleveland Cavaliers 1987-88,False,0.512,106.8,106.0,0.5
506,Milwaukee Bucks 1987-88,False,0.512,108.2,107.6,0.485
507,Boston Celtics 1988-89,False,0.512,110.8,109.6,0.498
508,Cleveland Cavaliers 1989-90,False,0.512,106.9,107.2,0.485
509,Indiana Pacers 1989-90,False,0.512,111.5,111.4,0.518
510,Houston Rockets 1991-92,False,0.512,106.2,108.0,0.499
511,Denver Nuggets 1993-94,False,0.512,103.9,102.3,0.478
512,Miami Heat 1993-94,False,0.512,109.5,106.7,0.488
513,Atlanta Hawks 1994-95,False,0.512,106.6,105.2,0.487
514,Miami Heat 1995-96,False,0.512,105.3,103.8,0.501
515,Cleveland Cavaliers 1996-97,False,0.512,104.6,102.4,0.493
516,Washington Wizards 1997-98,False,0.512,105.2,104.5,0.476
517,Detroit Pistons 1999-00,False,0.512,107.3,105.8,0.492
518,Milwaukee Bucks 1999-00,False,0.512,108.2,107.9,0.494
519,Indiana Pacers 2001-02,False,0.512,104.1,103.8,0.477
520,Toronto Raptors 2001-02,False,0.512,102.6,103.1,0.463
521,Milwaukee Bucks 2002-03,False,0.512,108.8,108.6,0.5
522,Orlando Magic 2002-03,False,0.512,105.2,105.0,0.478
523,Miami Heat 2003-04,False,0.512,102.2,101.7,0.463
524,Utah Jazz 2003-04,False,0.512,101.9,103.3,0.456
525,Cleveland Cavaliers 2004-05,False,0.512,106.6,105.7,0.47
526,New Jersey Nets 2004-05,False,0.512,101.4,103.1,0.463
527,Washington Wizards 2005-06,False,0.512,109.3,107.3,0.484
528,Golden State Warriors 2006-07,False,0.512,107.0,107.4,0.512
529,Los Angeles Lakers 2006-07,False,0.512,108.6,108.6,0.511
530,Houston Rockets 2009-10,False,0.512,107.6,108.0,0.494
531,New York Knicks 2010-11,False,0.512,110.9,110.1,0.513
532,Indiana Pacers 2011-12,False,0.636,106.7,103.1,0.474
533,Chicago Bulls 2015-16,False,0.512,105.0,106.5,0.487
534,Dallas Mavericks 2015-16,False,0.512,106.7,107.0,0.502
535,Memphis Grizzlies 2015-16,False,0.512,105.4,107.8,0.477
536,Indiana Pacers 2016-17,False,0.512,108.6,108.8,0.516
537,Milwaukee Bucks 2016-17,False,0.512,109.1,109.3,0.527
538,Los Angeles Clippers 2017-18,False,0.512,110.3,110.2,0.527
539,Brooklyn Nets 2018-19,False,0.512,109.6,109.7,0.52
540,Orlando Magic 2018-19,False,0.512,108.9,108.1,0.518
541,Houston Rockets 1979-80,False,0.5,108.1,108.0,0.487
542,San Antonio Spurs 1979-80,False,0.5,108.6,109.0,0.502
543,Phoenix Suns 1983-84,False,0.5,108.9,108.0,0.514
544,San Antonio Spurs 1984-85,False,0.5,109.9,109.0,0.517
545,Utah Jazz 1984-85,False,0.5,103.3,103.4,0.483
546,Indiana Pacers 1986-87,False,0.5,106.0,106.6,0.478
547,Atlanta Hawks 1989-90,False,0.5,113.0,111.9,0.496
548,Houston Rockets 1989-90,False,0.5,104.8,103.4,0.491
549,Seattle SuperSonics 1989-90,False,0.5,110.9,109.8,0.494
550,Indiana Pacers 1990-91,False,0.5,111.7,112.1,0.511
551,Seattle SuperSonics 1990-91,False,0.5,109.7,108.5,0.501
552,Indiana Pacers 1992-93,False,0.5,111.9,110.1,0.498
553,Los Angeles Clippers 1992-93,False,0.5,107.4,107.1,0.493
554,Orlando Magic 1992-93,False,0.5,108.5,107.1,0.509
555,Charlotte Hornets 1993-94,False,0.5,108.4,108.6,0.5
556,Denver Nuggets 1994-95,False,0.5,109.1,108.2,0.511
557,Charlotte Hornets 1995-96,False,0.5,111.2,111.8,0.514
558,Phoenix Suns 1995-96,False,0.5,110.3,110.0,0.498
559,Houston Rockets 1997-98,False,0.5,107.7,108.6,0.496
560,Orlando Magic 1997-98,False,0.5,102.6,103.8,0.452
561,Orlando Magic 1999-00,False,0.5,102.4,101.7,0.473
562,Indiana Pacers 2000-01,False,0.5,102.0,102.2,0.471
563,Milwaukee Bucks 2001-02,False,0.5,106.9,107.1,0.507
564,Milwaukee Bucks 2003-04,False,0.5,106.5,105.4,0.477
565,New Orleans Hornets 2003-04,False,0.5,102.3,102.4,0.46
566,Portland Trail Blazers 2003-04,False,0.5,103.7,105.1,0.478
567,Chicago Bulls 2005-06,False,0.5,104.0,103.4,0.487
568,Indiana Pacers 2005-06,False,0.5,104.5,102.4,0.487
569,Utah Jazz 2005-06,False,0.5,104.1,107.0,0.467
570,New Jersey Nets 2006-07,False,0.5,105.7,106.6,0.504
571,Washington Wizards 2006-07,False,0.5,110.1,110.6,0.491
572,Portland Trail Blazers 2007-08,False,0.5,107.3,108.4,0.489
573,Toronto Raptors 2007-08,False,0.5,110.2,107.0,0.511
574,Chicago Bulls 2008-09,False,0.5,108.4,108.7,0.493
575,Philadelphia 76ers 2008-09,False,0.5,107.9,107.8,0.485
576,Chicago Bulls 2009-10,False,0.5,103.5,105.3,0.477
577,Philadelphia 76ers 2010-11,False,0.5,106.6,105.0,0.494
578,Los Angeles Lakers 2011-12,False,0.621,106.0,104.4,0.491
579,Memphis Grizzlies 2011-12,False,0.621,104.0,101.8,0.473
580,Boston Celtics 2012-13,False,0.506,103.1,103.3,0.503
581,Dallas Mavericks 2012-13,False,0.5,105.9,106.5,0.506
582,Milwaukee Bucks 2014-15,False,0.5,102.7,102.2,0.499
583,Houston Rockets 2015-16,False,0.5,108.3,108.1,0.516
584,Washington Wizards 2015-16,False,0.5,105.3,105.8,0.511
585,Chicago Bulls 2016-17,False,0.5,107.4,107.0,0.487
586,Miami Heat 2016-17,False,0.5,107.8,106.7,0.512
587,Portland Trail Blazers 2016-17,False,0.5,110.3,110.8,0.52
588,Detroit Pistons 2018-19,False,0.5,109.0,109.2,0.509
589,Houston Rockets 1980-81,False,0.488,107.0,106.7,0.489
590,Kansas City Kings 1980-81,False,0.488,104.7,104.7,0.503
591,Atlanta Hawks 1983-84,False,0.488,105.5,106.9,0.476
592,Washington Bullets 1984-85,False,0.488,104.3,104.6,0.486
593,Portland Trail Blazers 1985-86,False,0.488,109.2,108.2,0.501
594,Chicago Bulls 1986-87,False,0.488,108.6,107.6,0.478
595,Washington Bullets 1988-89,False,0.488,106.4,108.5,0.467
596,Indiana Pacers 1991-92,False,0.488,111.7,109.9,0.518
597,New Jersey Nets 1991-92,False,0.488,107.0,108.7,0.473
598,Detroit Pistons 1992-93,False,0.488,107.4,108.9,0.473
599,Minnesota Timberwolves 1996-97,False,0.488,105.5,107.1,0.485
600,Phoenix Suns 1996-97,False,0.488,109.3,108.6,0.508
601,Dallas Mavericks 1999-00,False,0.488,106.6,107.2,0.49
602,Denver Nuggets 2000-01,False,0.488,103.7,106.3,0.47
603,Seattle SuperSonics 2002-03,False,0.488,103.7,103.9,0.472
604,Milwaukee Bucks 2005-06,False,0.488,106.3,107.4,0.492
605,Los Angeles Clippers 2006-07,False,0.488,105.1,105.6,0.481
606,Orlando Magic 2006-07,False,0.488,104.9,104.1,0.5
607,Philadelphia 76ers 2007-08,False,0.488,106.4,106.0,0.482
608,Memphis Grizzlies 2009-10,False,0.488,108.3,109.9,0.494
609,Toronto Raptors 2009-10,False,0.488,111.3,113.2,0.521
610,Phoenix Suns 2010-11,False,0.488,109.5,110.4,0.522
611,Atlanta Hawks 2011-12,False,0.606,104.9,101.2,0.5
612,Los Angeles Clippers 2011-12,False,0.606,108.5,105.7,0.502
613,Minnesota Timberwolves 2013-14,False,0.488,108.9,106.2,0.486
614,Boston Celtics 2014-15,False,0.488,104.7,104.5,0.489
615,Utah Jazz 2015-16,False,0.488,105.9,103.9,0.501
616,Denver Nuggets 2016-17,False,0.488,113.2,112.7,0.53
617,New York Knicks 1979-80,False,0.476,106.5,107.5,0.498
618,Washington Bullets 1979-80,False,0.476,103.2,105.7,0.463
619,Golden State Warriors 1980-81,False,0.476,108.5,109.7,0.493
620,Washington Bullets 1980-81,False,0.476,102.7,102.7,0.476
621,Detroit Pistons 1981-82,False,0.476,105.8,106.6,0.485
622,New Jersey Nets 1985-86,False,0.476,105.0,106.9,0.489
623,Washington Bullets 1985-86,False,0.476,103.0,104.8,0.471
624,Seattle SuperSonics 1986-87,False,0.476,110.7,110.3,0.495
625,Portland Trail Blazers 1988-89,False,0.476,109.4,108.0,0.488
626,New York Knicks 1990-91,False,0.476,107.1,107.3,0.498
627,Los Angeles Lakers 1992-93,False,0.476,107.6,108.9,0.486
628,Sacramento Kings 1994-95,False,0.476,105.5,106.5,0.496
629,Sacramento Kings 1995-96,False,0.476,106.2,109.1,0.493
630,Washington Bullets 1995-96,False,0.476,108.7,107.6,0.521
631,Indiana Pacers 1996-97,False,0.476,105.8,104.7,0.49
632,Los Angeles Clippers 2001-02,False,0.476,105.5,106.0,0.476
633,New York Knicks 2003-04,False,0.476,101.7,103.3,0.474
634,New Orleans/Oklahoma City Hornets 2006-07,False,0.476,104.8,106.5,0.479
635,Detroit Pistons 2008-09,False,0.476,107.4,108.0,0.483
636,Utah Jazz 2010-11,False,0.476,108.1,110.1,0.498
637,Boston Celtics 2011-12,False,0.591,101.0,98.2,0.496
638,Phoenix Suns 2014-15,False,0.476,105.3,106.2,0.501
639,Detroit Pistons 2017-18,False,0.476,107.2,107.3,0.512
640,Charlotte Hornets 2018-19,False,0.476,111.4,112.5,0.514
641,Miami Heat 2018-19,False,0.476,107.3,107.6,0.515
642,Sacramento Kings 2018-19,False,0.476,110.4,111.5,0.524
643,Portland Trail Blazers 1979-80,False,0.463,103.4,104.3,0.477
644,Dallas Mavericks 1982-83,False,0.463,109.4,109.8,0.489
645,Denver Nuggets 1983-84,False,0.463,111.3,112.3,0.498
646,Kansas City Kings 1983-84,False,0.463,106.5,108.0,0.49
647,Chicago Bulls 1984-85,False,0.463,108.7,109.6,0.502
648,Indiana Pacers 1987-88,False,0.463,106.6,107.4,0.492
649,New York Knicks 1987-88,False,0.463,105.9,106.4,0.477
650,Washington Bullets 1987-88,False,0.463,106.5,107.2,0.47
651,Dallas Mavericks 1988-89,False,0.463,107.4,108.6,0.484
652,Atlanta Hawks 1991-92,False,0.463,107.3,108.9,0.481
653,Miami Heat 1991-92,False,0.463,106.7,110.9,0.479
654,Golden State Warriors 2002-03,False,0.463,108.3,109.5,0.472
655,New Orleans/Oklahoma City Hornets 2005-06,False,0.463,103.7,106.8,0.464
656,Philadelphia 76ers 2005-06,False,0.463,106.0,108.1,0.487
657,Sacramento Kings 2007-08,False,0.463,107.5,109.9,0.503
658,Denver Nuggets 2011-12,False,0.576,109.2,106.2,0.516
659,Milwaukee Bucks 2012-13,False,0.463,103.6,105.2,0.476
660,Atlanta Hawks 2013-14,False,0.463,105.9,106.4,0.515
661,Brooklyn Nets 2014-15,False,0.463,104.4,107.4,0.491
662,Indiana Pacers 2014-15,False,0.463,103.5,103.2,0.484
663,Utah Jazz 2014-15,False,0.463,105.1,104.9,0.494
664,Cleveland Cavaliers 1979-80,False,0.451,106.7,106.4,0.476
665,Indiana Pacers 1979-80,False,0.451,105.5,106.2,0.479
666,Denver Nuggets 1980-81,False,0.451,109.4,109.8,0.477
667,Detroit Pistons 1982-83,False,0.451,105.4,105.8,0.481
668,Golden State Warriors 1983-84,False,0.451,105.5,108.8,0.471
669,San Antonio Spurs 1983-84,False,0.451,111.2,111.4,0.511
670,Sacramento Kings 1985-86,False,0.451,106.2,109.2,0.492
671,Denver Nuggets 1986-87,False,0.451,109.3,110.2,0.478
672,Golden State Warriors 1989-90,False,0.451,109.6,112.6,0.501
673,Detroit Pistons 1997-98,False,0.451,105.3,103.5,0.472
674,San Antonio Spurs 1998-99,True,0.74,104.0,95.0,0.479
675,Utah Jazz 1998-99,False,0.74,105.8,98.4,0.485
676,Washington Wizards 2001-02,False,0.451,104.8,106.4,0.464
677,New York Knicks 2002-03,False,0.451,104.7,106.2,0.486
678,Washington Wizards 2002-03,False,0.451,103.0,104.1,0.46
679,Golden State Warriors 2003-04,False,0.451,103.0,103.8,0.475
680,Seattle SuperSonics 2003-04,False,0.451,107.3,108.0,0.501
681,Los Angeles Clippers 2004-05,False,0.451,105.5,106.4,0.477
682,Atlanta Hawks 2007-08,False,0.451,106.9,108.9,0.483
683,New Orleans Hornets 2009-10,False,0.451,107.4,110.1,0.506
684,Indiana Pacers 2010-11,False,0.451,104.8,106.0,0.486
685,Orlando Magic 2011-12,False,0.561,105.0,104.1,0.506
686,New York Knicks 2013-14,False,0.451,108.3,109.1,0.505
687,Miami Heat 2014-15,False,0.451,103.9,106.7,0.5
688,Detroit Pistons 2016-17,False,0.451,106.0,107.1,0.492
689,Los Angeles Lakers 2018-19,False,0.451,107.8,109.5,0.527
690,San Diego Clippers 1980-81,False,0.439,106.0,107.6,0.486
691,Cleveland Cavaliers 1984-85,False,0.439,106.0,108.7,0.478
692,Phoenix Suns 1984-85,False,0.439,104.7,106.8,0.497
693,Phoenix Suns 1986-87,False,0.439,108.0,110.3,0.501
694,Philadelphia 76ers 1987-88,False,0.439,108.8,110.3,0.485
695,Denver Nuggets 1992-93,False,0.439,104.6,106.3,0.47
696,Miami Heat 1992-93,False,0.439,107.7,108.9,0.481
697,Dallas Mavericks 1994-95,False,0.439,107.6,110.6,0.466
698,Golden State Warriors 1995-96,False,0.439,108.4,109.9,0.489
699,Los Angeles Clippers 1996-97,False,0.439,105.1,107.6,0.482
700,Boston Celtics 1997-98,False,0.439,102.6,105.4,0.464
701,Milwaukee Bucks 1997-98,False,0.439,103.5,105.6,0.475
702,Boston Celtics 2000-01,False,0.439,101.4,103.7,0.473
703,Miami Heat 2001-02,False,0.439,98.5,100.2,0.463
704,Phoenix Suns 2001-02,False,0.439,103.3,104.0,0.472
705,Boston Celtics 2003-04,False,0.439,102.1,103.7,0.486
706,Orlando Magic 2004-05,False,0.439,104.9,107.3,0.478
707,Orlando Magic 2005-06,False,0.439,106.3,107.5,0.496
708,Indiana Pacers 2007-08,False,0.439,106.0,107.5,0.498
709,Indiana Pacers 2008-09,False,0.439,108.1,109.2,0.501
710,Golden State Warriors 2010-11,False,0.439,108.2,110.7,0.51
711,Dallas Mavericks 2011-12,False,0.545,103.3,102.3,0.489
712,New York Knicks 2011-12,False,0.545,104.4,101.0,0.492
713,Utah Jazz 2011-12,False,0.545,106.8,106.1,0.481
714,Denver Nuggets 2013-14,False,0.439,106.0,108.2,0.497
715,Charlotte Hornets 2016-17,False,0.439,108.8,108.6,0.501
716,Charlotte Hornets 2017-18,False,0.439,109.4,109.1,0.508
717,Minnesota Timberwolves 2018-19,False,0.439,111.4,112.9,0.511
718,San Diego Clippers 1979-80,False,0.427,105.7,109.8,0.482
719,Indiana Pacers 1981-82,False,0.427,102.7,104.6,0.472
720,Washington Bullets 1983-84,False,0.427,104.2,107.2,0.489
721,San Antonio Spurs 1985-86,False,0.427,106.5,108.2,0.509
722,Philadelphia 76ers 1991-92,False,0.427,108.3,109.7,0.488
723,Boston Celtics 1994-95,False,0.427,108.6,110.6,0.491
724,Denver Nuggets 1995-96,False,0.427,105.2,108.1,0.481
725,Portland Trail Blazers 1998-99,False,0.7,104.8,97.7,0.473
726,Boston Celtics 1999-00,False,0.427,104.8,105.6,0.474
727,Denver Nuggets 1999-00,False,0.427,103.5,105.8,0.476
728,Atlanta Hawks 2002-03,False,0.427,102.3,106.1,0.476
729,Cleveland Cavaliers 2003-04,False,0.427,101.4,104.2,0.451
730,Seattle SuperSonics 2005-06,False,0.427,111.1,114.4,0.504
731,Indiana Pacers 2006-07,False,0.427,102.9,105.5,0.474
732,Philadelphia 76ers 2006-07,False,0.427,103.6,106.9,0.48
733,Charlotte Bobcats 2008-09,False,0.427,104.7,106.1,0.494
734,Milwaukee Bucks 2010-11,False,0.427,101.6,102.5,0.467
735,Philadelphia 76ers 2011-12,False,0.53,103.9,99.2,0.48
736,Orlando Magic 2015-16,False,0.427,105.1,106.8,0.5
737,Los Angeles Lakers 2017-18,False,0.427,106.5,108.0,0.517
738,Milwaukee Bucks 2019-20,False,0.854,113.6,101.9,0.554
739,New Jersey Nets 1979-80,False,0.415,101.5,102.5,0.466
740,Seattle SuperSonics 1980-81,False,0.415,103.2,104.8,0.47
741,Chicago Bulls 1981-82,False,0.415,106.6,108.6,0.505
742,Atlanta Hawks 1984-85,False,0.415,105.9,107.3,0.489
743,Golden State Warriors 1992-93,False,0.415,109.2,110.2,0.502
744,Milwaukee Bucks 1994-95,False,0.415,106.2,110.9,0.496
745,Sacramento Kings 1996-97,False,0.415,105.0,108.7,0.485
746,Houston Rockets 1999-00,False,0.415,104.8,105.7,0.494
747,Golden State Warriors 2004-05,False,0.415,104.7,106.9,0.475
748,Los Angeles Lakers 2004-05,False,0.415,108.1,111.4,0.485
749,Golden State Warriors 2005-06,False,0.415,104.8,106.2,0.479
750,Houston Rockets 2005-06,False,0.415,101.6,103.3,0.471
751,New Jersey Nets 2007-08,False,0.415,104.0,109.4,0.481
752,Milwaukee Bucks 2008-09,False,0.415,106.7,107.9,0.483
753,New Jersey Nets 2008-09,False,0.415,108.3,111.0,0.497
754,Charlotte Bobcats 2010-11,False,0.415,103.4,107.8,0.482
755,Houston Rockets 2011-12,False,0.515,105.5,105.2,0.492
756,Philadelphia 76ers 2012-13,False,0.415,102.0,105.7,0.481
757,Toronto Raptors 2012-13,False,0.415,105.9,107.5,0.488
758,New Orleans Pelicans 2013-14,False,0.415,107.2,110.1,0.495
759,New Orleans Pelicans 2016-17,False,0.415,105.2,107.4,0.504
760,New York Knicks 1981-82,False,0.402,106.0,108.6,0.495
761,Cleveland Cavaliers 1990-91,False,0.402,106.1,108.7,0.487
762,Los Angeles Lakers 1993-94,False,0.402,104.8,109.3,0.466
763,Boston Celtics 1995-96,False,0.402,106.4,109.9,0.494
764,Milwaukee Bucks 1996-97,False,0.402,106.2,108.3,0.496
765,Indiana Pacers 1998-99,False,0.66,108.7,104.4,0.486
766,Miami Heat 1998-99,False,0.66,104.7,98.9,0.494
767,Orlando Magic 1998-99,False,0.66,100.3,97.4,0.456
768,Atlanta Hawks 2001-02,False,0.402,101.8,106.4,0.471
769,Philadelphia 76ers 2003-04,False,0.402,99.1,101.9,0.456
770,Toronto Raptors 2003-04,False,0.402,97.0,100.4,0.454
771,New York Knicks 2004-05,False,0.402,106.2,108.9,0.485
772,Toronto Raptors 2004-05,False,0.402,106.9,108.7,0.492
773,Boston Celtics 2005-06,False,0.402,105.2,106.9,0.504
774,Minnesota Timberwolves 2005-06,False,0.402,102.4,104.5,0.48
775,Charlotte Bobcats 2006-07,False,0.402,103.6,107.6,0.48
776,New York Knicks 2006-07,False,0.402,105.7,108.8,0.494
777,Sacramento Kings 2006-07,False,0.402,106.2,108.0,0.491
778,Chicago Bulls 2007-08,False,0.402,103.9,107.2,0.47
779,Toronto Raptors 2008-09,False,0.402,107.0,110.0,0.494
780,Phoenix Suns 2011-12,False,0.5,106.2,106.5,0.499
781,Portland Trail Blazers 2012-13,False,0.402,105.8,109.2,0.498
782,Cleveland Cavaliers 2013-14,False,0.402,104.2,107.7,0.479
783,Charlotte Hornets 2014-15,False,0.402,100.1,103.5,0.456
784,Denver Nuggets 2015-16,False,0.402,105.6,108.9,0.489
785,Milwaukee Bucks 2015-16,False,0.402,104.3,108.7,0.499
786,Sacramento Kings 2015-16,False,0.402,106.0,108.4,0.51
787,Dallas Mavericks 2016-17,False,0.402,105.6,108.8,0.505
788,Dallas Mavericks 2018-19,False,0.402,109.4,110.7,0.519
789,Memphis Grizzlies 2018-19,False,0.402,106.1,108.8,0.508
790,New Orleans Pelicans 2018-19,False,0.402,111.4,112.6,0.529
791,Los Angeles Clippers 1985-86,False,0.39,105.4,112.1,0.477
792,Phoenix Suns 1985-86,False,0.39,104.3,107.2,0.506
793,Boston Celtics 1993-94,False,0.39,104.2,108.7,0.482
794,Miami Heat 1994-95,False,0.39,108.2,109.9,0.499
795,Cleveland Cavaliers 1999-00,False,0.39,100.4,104.0,0.468
796,Detroit Pistons 2000-01,False,0.39,100.0,101.8,0.453
797,Minnesota Timberwolves 2006-07,False,0.39,103.9,107.9,0.49
798,Portland Trail Blazers 2006-07,False,0.39,105.1,109.9,0.483
799,Charlotte Bobcats 2007-08,False,0.39,104.6,109.4,0.492
800,Washington Wizards 2018-19,False,0.39,111.1,113.9,0.531
801,Cleveland Cavaliers 1999-00,False,0.39,100.4,104.0,0.468
802,Los Angeles Clippers 2010-11,False,0.39,105.3,108.7,0.496
803,Sacramento Kings 2016-17,False,0.39,107.3,111.3,0.516
804,Detroit Pistons 2014-15,False,0.39,105.3,106.4,0.482
805,Boston Celtics 1993-94,False,0.39,104.2,108.7,0.482
806,Minnesota Timberwolves 2006-07,False,0.39,103.9,107.9,0.49
807,Los Angeles Clippers 1985-86,False,0.39,105.4,112.1,0.477
808,Cleveland Cavaliers 1986-87,False,0.378,102.6,106.4,0.476
809,Atlanta Hawks 1980-81,False,0.378,104.3,107.3,0.48
810,Milwaukee Bucks 2011-12,False,0.47,105.5,105.2,0.481
811,Los Angeles Clippers 1990-91,False,0.378,103.0,106.5,0.471
812,Minnesota Timberwolves 2012-13,False,0.378,102.9,105.4,0.473
813,San Antonio Spurs 1987-88,False,0.378,108.2,112.8,0.499
814,Minnesota Timberwolves 2016-17,False,0.378,110.8,112.0,0.511
815,Philadelphia 76ers 1997-98,False,0.378,102.8,105.4,0.462
816,Seattle SuperSonics 2006-07,False,0.378,107.2,110.3,0.499
817,New York Knicks 2016-17,False,0.378,107.7,111.5,0.496
818,Los Angeles Clippers 2000-01,False,0.378,101.3,104.5,0.476
819,Milwaukee Bucks 1991-92,False,0.378,108.8,110.6,0.486
820,Washington Bullets 1989-90,False,0.378,107.5,109.7,0.477
821,Atlanta Hawks 1998-99,False,0.62,100.5,97.1,0.436
822,Los Angeles Lakers 1998-99,False,0.62,107.6,104.3,0.498
823,Seattle SuperSonics 1984-85,False,0.378,102.8,108.2,0.477
824,Seattle SuperSonics 1985-86,False,0.378,105.9,106.0,0.478
825,Charlotte Hornets 1991-92,False,0.378,107.1,110.9,0.485
826,Kansas City Kings 1984-85,False,0.378,109.5,112.1,0.508
827,Orlando Magic 1990-91,False,0.378,105.9,109.9,0.473
828,Houston Rockets 1998-99,False,0.62,105.4,102.9,0.506
829,Los Angeles Clippers 1984-85,False,0.378,105.8,110.3,0.499
830,New Jersey Nets 1999-00,False,0.378,105.1,106.3,0.468
831,New Orleans Pelicans 2015-16,False,0.366,105.6,109.5,0.498
832,Los Angeles Clippers 1989-90,False,0.366,104.0,107.4,0.488
833,Golden State Warriors 1985-86,False,0.366,108.3,111.6,0.488
834,Toronto Raptors 1996-97,False,0.366,104.6,108.0,0.481
835,Chicago Bulls 2002-03,False,0.366,100.2,105.6,0.471
836,Denver Nuggets 1979-80,False,0.366,103.4,107.6,0.469
837,Denver Nuggets 2014-15,False,0.366,104.5,108.2,0.479
838,Golden State Warriors 1996-97,False,0.366,107.2,112.2,0.493
839,Cleveland Cavaliers 2000-01,False,0.366,100.3,104.9,0.459
840,Washington Bullets 1990-91,False,0.366,103.0,108.1,0.47
841,Chicago Bulls 1979-80,False,0.366,104.3,107.0,0.489
842,Detroit Pistons 2010-11,False,0.366,107.7,111.7,0.495
843,Kansas City Kings 1981-82,False,0.366,104.2,107.2,0.497
844,Chicago Bulls 1985-86,False,0.366,108.6,112.4,0.487
845,New Jersey Nets 1994-95,False,0.366,105.2,108.6,0.467
846,New Jersey Nets 1995-96,False,0.366,101.9,106.5,0.445
847,Milwaukee Bucks 2004-05,False,0.366,106.6,109.8,0.475
848,San Diego Clippers 1983-84,False,0.366,109.2,112.4,0.498
849,Atlanta Hawks 2006-07,False,0.366,103.0,108.3,0.471
850,New York Knicks 2001-02,False,0.366,101.5,105.9,0.468
851,Utah Jazz 1982-83,False,0.366,101.2,105.1,0.483
852,Golden State Warriors 1982-83,False,0.366,103.9,107.4,0.485
853,New York Knicks 2009-10,False,0.354,107.6,111.6,0.509
854,Minnesota Timberwolves 2015-16,False,0.354,106.5,110.1,0.498
855,Washington Wizards 2012-13,False,0.354,100.2,103.0,0.475
856,Detroit Pistons 1998-99,False,0.58,104.2,100.3,0.48
857,Los Angeles Clippers 1995-96,False,0.354,106.5,110.3,0.511
858,Atlanta Hawks 2018-19,False,0.354,108.1,113.9,0.522
859,Houston Rockets 1983-84,False,0.354,105.3,108.2,0.497
860,New York Knicks 2017-18,False,0.354,107.1,110.7,0.51
861,Minnesota Timberwolves 1990-91,False,0.354,106.7,110.9,0.456
862,Cleveland Cavaliers 2001-02,False,0.354,104.6,108.2,0.477
863,Orlando Magic 2016-17,False,0.354,103.7,110.5,0.489
864,Sacramento Kings 2014-15,False,0.354,105.3,109.2,0.49
865,Detroit Pistons 2012-13,False,0.354,103.8,108.1,0.487
866,Los Angeles Clippers 2009-10,False,0.354,103.3,110.1,0.491
867,Detroit Pistons 2013-14,False,0.354,105.9,109.7,0.482
868,Phoenix Suns 2003-04,False,0.354,101.4,105.5,0.475
869,Sacramento Kings 1986-87,False,0.354,108.9,112.1,0.48
870,Golden State Warriors 2008-09,False,0.354,109.5,113.3,0.497
871,Washington Wizards 1999-00,False,0.354,103.5,107.0,0.476
872,Sacramento Kings 1991-92,False,0.354,103.9,109.9,0.482
873,Cleveland Cavaliers 1985-86,False,0.354,105.5,108.3,0.49
874,San Antonio Spurs 1986-87,False,0.341,105.9,110.8,0.482
875,Detroit Pistons 1994-95,False,0.341,105.1,112.9,0.499
876,Dallas Mavericks 1981-82,False,0.341,105.9,110.4,0.473
877,Phoenix Suns 1987-88,False,0.341,107.0,111.4,0.494
878,Portland Trail Blazers 2011-12,False,0.424,105.7,106.4,0.488
879,Philadelphia 76ers 1998-99,False,0.56,99.9,97.6,0.439
880,Dallas Mavericks 1990-91,False,0.341,105.5,110.3,0.485
881,Los Angeles Clippers 2003-04,False,0.341,103.5,108.5,0.453
882,Milwaukee Bucks 1992-93,False,0.341,106.2,110.1,0.495
883,Brooklyn Nets 2017-18,False,0.341,106.9,110.6,0.514
884,Memphis Grizzlies 2002-03,False,0.341,103.9,107.3,0.487
885,Sacramento Kings 2012-13,False,0.341,106.2,111.4,0.491
886,Chicago Bulls 1982-83,False,0.341,103.4,108.0,0.483
887,Sacramento Kings 2013-14,False,0.341,105.7,108.8,0.484
888,Atlanta Hawks 1999-00,False,0.341,102.0,107.9,0.46
889,Milwaukee Bucks 1998-99,False,0.56,104.9,103.0,0.489
890,Indiana Pacers 1988-89,False,0.341,106.8,111.0,0.502
891,Atlanta Hawks 2003-04,False,0.341,101.0,106.1,0.465
892,Cleveland Cavaliers 1980-81,False,0.341,104.3,109.1,0.472
893,Philadelphia 76ers 2016-17,False,0.341,103.2,108.9,0.501
894,Houston Rockets 2001-02,False,0.341,103.1,108.6,0.465
895,Milwaukee Bucks 2006-07,False,0.341,107.0,111.7,0.504
896,Utah Jazz 1980-81,False,0.341,103.4,109.4,0.491
897,Cleveland Cavaliers 1983-84,False,0.341,104.1,108.5,0.468
898,Sacramento Kings 1993-94,False,0.341,103.3,109.2,0.471
899,Denver Nuggets 2001-02,False,0.329,101.4,107.8,0.455
900,Portland Trail Blazers 2004-05,False,0.329,103.2,107.7,0.484
901,Miami Heat 2019-20,False,0.692,111.6,107.9,0.547
902,Los Angeles Lakers 2013-14,False,0.329,104.2,110.6,0.505
903,Sacramento Kings 1997-98,False,0.329,100.8,106.9,0.464
904,Sacramento Kings 1998-99,False,0.54,102.7,103.1,0.479
905,Utah Jazz 2019-20,False,0.692,110.5,106.8,0.546
906,Los Angeles Clippers 1993-94,False,0.329,102.9,108.6,0.484
907,Toronto Raptors 2005-06,False,0.329,109.5,112.7,0.5
908,Los Angeles Clippers 2002-03,False,0.329,102.3,106.8,0.467
909,Detroit Pistons 2009-10,False,0.329,105.6,111.4,0.474
910,Denver Nuggets 2019-20,False,0.692,111.4,107.6,0.52
911,Phoenix Suns 1998-99,False,0.54,105.8,103.3,0.481
912,Philadelphia 76ers 2009-10,False,0.329,106.1,110.3,0.496
913,Chicago Bulls 1983-84,False,0.329,102.4,107.5,0.475
914,Chicago Bulls 2017-18,False,0.329,103.8,110.9,0.497
915,Sacramento Kings 2017-18,False,0.329,103.7,111.1,0.502
916,New York Knicks 1998-99,False,0.54,98.6,97.5,0.463
917,Sacramento Kings 1988-89,False,0.329,104.5,110.0,0.478
918,New Orleans Hornets 2012-13,False,0.329,105.7,110.1,0.489
919,Los Angeles Clippers 2019-20,False,0.675,112.1,106.6,0.527
920,Charlotte Bobcats 2005-06,False,0.317,102.5,106.7,0.464
921,Minnesota Timberwolves 2011-12,False,0.394,104.3,106.6,0.477
922,Washington Wizards 2009-10,False,0.317,104.2,109.4,0.481
923,Philadelphia 76ers 1992-93,False,0.317,104.6,110.4,0.479
924,Los Angeles Lakers 2016-17,False,0.317,106.0,113.0,0.501
925,Golden State Warriors 1994-95,False,0.317,106.7,112.2,0.508
926,Houston Rockets 2019-20,False,0.684,114.4,109.2,0.54
927,Minnesota Timberwolves 1995-96,False,0.317,104.1,109.8,0.48
928,Dallas Mavericks 1995-96,False,0.317,106.1,111.2,0.47
929,Boston Celtics 2019-20,False,0.703,111.8,104.8,0.524
930,Indiana Pacers 1983-84,False,0.317,101.8,106.5,0.487
931,New Jersey Nets 1988-89,False,0.317,103.0,109.3,0.474
932,Indiana Pacers 1985-86,False,0.317,102.6,105.9,0.483
933,Charlotte Hornets 1990-91,False,0.317,105.0,110.4,0.477
934,Utah Jazz 2004-05,False,0.317,104.7,109.5,0.469
935,New Jersey Nets 1990-91,False,0.317,102.9,107.4,0.455
936,Golden State Warriors 2009-10,False,0.317,108.1,111.7,0.514
937,Atlanta Hawks 2005-06,False,0.317,106.4,111.6,0.486
938,New Jersey Nets 1996-97,False,0.317,104.7,109.7,0.456
939,Charlotte Hornets 1998-99,False,0.52,102.3,102.4,0.485
940,Milwaukee Bucks 2007-08,False,0.317,105.3,112.8,0.482
941,New Jersey Nets 2000-01,False,0.317,100.0,105.5,0.452
942,Phoenix Suns 2012-13,False,0.305,101.2,108.1,0.477
943,Seattle SuperSonics 1998-99,False,0.5,105.0,106.2,0.481
944,Philadelphia 76ers 1993-94,False,0.305,101.7,109.7,0.478
945,Boston Celtics 2013-14,False,0.305,102.9,107.7,0.477
946,Sacramento Kings 2009-10,False,0.305,105.3,109.9,0.491
947,Miami Heat 2002-03,False,0.305,96.7,102.4,0.439
948,Orlando Magic 2014-15,False,0.305,101.6,107.7,0.494
949,Washington Bullets 1991-92,False,0.305,103.9,108.4,0.471
950,Milwaukee Bucks 1995-96,False,0.305,105.6,111.5,0.495
951,Detroit Pistons 2011-12,False,0.379,101.0,106.3,0.468
952,Orlando Magic 2017-18,False,0.305,105.2,110.1,0.512
953,Minnesota Timberwolves 1998-99,False,0.5,101.9,101.5,0.439
954,Atlanta Hawks 2000-01,False,0.305,98.7,104.3,0.456
955,San Diego Clippers 1982-83,False,0.305,104.7,109.3,0.479
956,Toronto Raptors 2019-20,False,0.641,109.3,104.3,0.52
957,Sacramento Kings 1990-91,False,0.305,102.0,109.1,0.468
958,Washington Wizards 2003-04,False,0.305,98.8,104.8,0.454
959,Philadelphia 76ers 2019-20,False,0.625,109.6,106.1,0.53
960,Sacramento Kings 1992-93,False,0.305,106.5,109.6,0.481
961,Utah Jazz 1981-82,False,0.305,106.2,111.7,0.496
962,Utah Jazz 2013-14,False,0.305,103.5,111.3,0.484
963,Miami Heat 1990-91,False,0.293,102.0,108.1,0.469
964,Phoenix Suns 2016-17,False,0.293,106.6,112.2,0.493
965,Boston Celtics 2006-07,False,0.293,103.2,106.9,0.479
966,Philadelphia 76ers 1994-95,False,0.293,104.1,109.7,0.475
967,Atlanta Hawks 2017-18,False,0.293,105.0,110.6,0.512
968,Dallas Mavericks 2017-18,False,0.293,106.3,109.5,0.513
969,New Jersey Nets 2010-11,False,0.293,103.1,109.9,0.474
970,Dallas Mavericks 2019-20,False,0.615,116.8,109.9,0.544
971,Toronto Raptors 2002-03,False,0.293,100.5,107.0,0.458
972,New York Knicks 1984-85,False,0.293,104.9,109.6,0.487
973,New Jersey Nets 1980-81,False,0.293,101.0,106.7,0.478
974,New York Knicks 1986-87,False,0.293,104.8,111.1,0.483
975,Sacramento Kings 2010-11,False,0.293,103.5,109.0,0.48
976,New Jersey Nets 1986-87,False,0.293,105.6,110.5,0.487
977,Dallas Mavericks 1996-97,False,0.293,101.1,108.2,0.469
978,Washington Bullets 1993-94,False,0.293,104.5,112.2,0.484
979,Indiana Pacers 2019-20,False,0.615,110.5,107.4,0.528
980,Memphis Grizzlies 2008-09,False,0.293,103.5,109.5,0.486
981,Denver Nuggets 1991-92,False,0.293,100.7,108.6,0.451
982,Sacramento Kings 1987-88,False,0.293,106.5,112.1,0.481
983,Cleveland Cavaliers 2012-13,False,0.293,104.3,109.4,0.473
984,Utah Jazz 1979-80,False,0.293,104.2,110.4,0.5
985,Golden State Warriors 1979-80,False,0.293,102.0,106.3,0.484
986,Minnesota Timberwolves 2008-09,False,0.293,106.1,111.4,0.481
987,New York Knicks 2007-08,False,0.28,104.7,111.9,0.475
988,Phoenix Suns 2015-16,False,0.28,102.2,109.0,0.487
989,Washington Wizards 2010-11,False,0.28,102.4,110.2,0.471
990,Toronto Raptors 1998-99,False,0.46,102.0,103.9,0.45
991,Chicago Bulls 2003-04,False,0.28,96.6,103.4,0.446
992,Oklahoma City Thunder 2008-09,False,0.28,102.9,109.4,0.471
993,New York Knicks 1985-86,False,0.28,99.5,105.2,0.466
994,Vancouver Grizzlies 2000-01,False,0.28,99.6,105.8,0.464
995,Memphis Grizzlies 2001-02,False,0.28,98.2,106.3,0.462
996,Orlando Magic 2013-14,False,0.28,101.7,107.4,0.487
997,Toronto Raptors 2011-12,False,0.348,100.8,104.5,0.475
998,Los Angeles Clippers 2007-08,False,0.28,101.2,109.1,0.465
999,Sacramento Kings 1989-90,False,0.28,104.8,110.0,0.484
1000,Golden State Warriors 2011-12,False,0.348,105.4,109.1,0.505
1001,Cleveland Cavaliers 1982-83,False,0.28,99.2,106.8,0.467
1002,New York Knicks 2005-06,False,0.28,104.0,111.0,0.481
1003,Golden State Warriors 1984-85,False,0.268,106.0,113.0,0.47
1004,Philadelphia 76ers 1996-97,False,0.268,104.6,111.4,0.47
1005,New Jersey Nets 2011-12,False,0.333,102.9,109.6,0.473
1006,Minnesota Timberwolves 1989-90,False,0.268,103.6,108.2,0.451
1007,Cleveland Cavaliers 1998-99,False,0.44,99.6,101.6,0.464
1008,Vancouver Grizzlies 1999-00,False,0.268,102.3,108.5,0.474
1009,Dallas Mavericks 1991-92,False,0.268,103.0,111.1,0.458
1010,Sacramento Kings 2011-12,False,0.333,103.8,109.8,0.472
1011,Washington Bullets 1992-93,False,0.268,103.6,110.8,0.48
1012,Toronto Raptors 2010-11,False,0.268,106.1,112.9,0.491
1013,Indiana Pacers 1984-85,False,0.268,102.5,108.4,0.478
1014,Memphis Grizzlies 2006-07,False,0.268,106.9,112.3,0.504
1015,Memphis Grizzlies 2007-08,False,0.268,105.0,111.4,0.5
1016,Oklahoma City Thunder 2019-20,False,0.564,109.7,108.1,0.524
1017,Chicago Bulls 2018-19,False,0.268,104.8,113.2,0.505
1018,Minnesota Timberwolves 2007-08,False,0.268,103.8,111.2,0.484
1019,Memphis Grizzlies 2017-18,False,0.268,104.5,111.0,0.5
1020,Los Angeles Clippers 1988-89,False,0.256,100.8,110.2,0.478
1021,Portland Trail Blazers 2005-06,False,0.256,101.1,111.9,0.474
1022,Los Angeles Lakers 2014-15,False,0.256,103.4,110.6,0.473
1023,Toronto Raptors 1995-96,False,0.256,103.8,111.8,0.499
1024,San Antonio Spurs 1988-89,False,0.256,100.9,107.9,0.472
1025,Orlando Magic 2003-04,False,0.256,102.7,110.4,0.461
1026,Phoenix Suns 2017-18,False,0.256,103.5,112.8,0.495
1027,Chicago Bulls 2001-02,False,0.256,98.2,107.6,0.456
1028,Charlotte Bobcats 2012-13,False,0.256,101.5,111.5,0.46
1029,Brooklyn Nets 2015-16,False,0.256,103.2,110.9,0.492
1030,Golden State Warriors 1998-99,False,0.42,98.4,101.1,0.434
1031,Minnesota Timberwolves 1994-95,False,0.256,102.6,112.4,0.475
1032,Golden State Warriors 2001-02,False,0.256,102.8,108.5,0.452
1033,Washington Bullets 1994-95,False,0.256,105.4,111.3,0.492
1034,Detroit Pistons 1980-81,False,0.256,98.1,104.3,0.464
1035,Cleveland Cavaliers 2011-12,False,0.318,101.1,108.9,0.463
1036,Orlando Magic 1991-92,False,0.256,103.5,110.5,0.467
1037,Denver Nuggets 1996-97,False,0.256,104.5,111.2,0.486
1038,New Orleans Hornets 2011-12,False,0.318,100.9,105.1,0.476
1039,Detroit Pistons 1993-94,False,0.244,102.7,110.9,0.477
1040,Golden State Warriors 1987-88,False,0.244,104.7,112.9,0.474
1041,Washington Wizards 2011-12,False,0.303,101.0,106.2,0.472
1042,Seattle SuperSonics 2007-08,False,0.244,100.5,109.5,0.467
1043,San Antonio Spurs 1996-97,False,0.244,103.3,112.3,0.472
1044,Orlando Magic 2012-13,False,0.244,101.6,109.1,0.485
1045,Brooklyn Nets 2016-17,False,0.244,104.1,110.7,0.507
1046,Minnesota Timberwolves 1993-94,False,0.244,101.9,109.2,0.471
1047,Milwaukee Bucks 1993-94,False,0.244,102.5,109.3,0.471
1048,Indiana Pacers 1982-83,False,0.244,103.8,109.4,0.483
1049,Charlotte Hornets 1988-89,False,0.244,103.7,112.1,0.47
1050,Dallas Mavericks 1997-98,False,0.244,100.5,107.2,0.458
1051,Denver Nuggets 1990-91,False,0.244,105.2,114.7,0.457
1052,Cleveland Cavaliers 2018-19,False,0.232,107.7,117.6,0.503
1053,Washington Wizards 2008-09,False,0.232,105.4,113.6,0.48
1054,Phoenix Suns 2018-19,False,0.232,105.9,115.1,0.514
1055,Vancouver Grizzlies 1997-98,False,0.232,104.1,112.0,0.482
1056,Minnesota Timberwolves 1992-93,False,0.232,103.6,111.8,0.479
1057,Golden State Warriors 1997-98,False,0.232,95.8,105.7,0.427
1058,Golden State Warriors 1999-00,False,0.232,99.8,108.4,0.444
1059,New Jersey Nets 1987-88,False,0.232,101.4,109.6,0.478
1060,Charlotte Hornets 1989-90,False,0.232,102.0,109.9,0.47
1061,Dallas Mavericks 1998-99,False,0.38,102.3,104.9,0.459
1062,Los Angeles Clippers 2008-09,False,0.232,102.3,111.7,0.481
1063,Philadelphia 76ers 2013-14,False,0.232,99.4,109.9,0.475
1064,Cleveland Cavaliers 2010-11,False,0.232,102.2,111.8,0.472
1065,Washington Wizards 2000-01,False,0.232,100.6,107.8,0.46
1066,Boston Celtics 1998-99,False,0.38,100.4,102.4,0.469
1067,Charlotte Bobcats 2004-05,False,0.22,101.1,107.5,0.455
1068,Memphis Grizzlies 2019-20,False,0.45,109.5,112.1,0.534
1069,Miami Heat 1989-90,False,0.22,99.3,108.9,0.467
1070,Philadelphia 76ers 1995-96,False,0.22,102.2,113.0,0.474
1071,Brooklyn Nets 2019-20,False,0.474,106.0,107.2,0.509
1072,New Orleans Hornets 2004-05,False,0.22,99.7,107.7,0.446
1073,Orlando Magic 2019-20,False,0.462,105.5,105.3,0.49
1074,Orlando Magic 1989-90,False,0.22,105.8,114.3,0.467
1075,Washington Wizards 1998-99,False,0.36,101.2,103.7,0.468
1076,Philadelphia 76ers 2014-15,False,0.22,95.5,104.8,0.459
1077,Minnesota Timberwolves 2010-11,False,0.207,104.2,111.1,0.483
1078,Denver Nuggets 2002-03,False,0.207,92.2,101.3,0.428
1079,San Antonio Spurs 2019-20,False,0.447,111.3,112.3,0.53
1080,Los Angeles Lakers 2015-16,False,0.207,101.6,111.6,0.46
1081,Chicago Bulls 1999-00,False,0.207,94.2,104.6,0.443
1082,Los Angeles Clippers 1994-95,False,0.207,101.5,111.1,0.468
1083,New York Knicks 2014-15,False,0.207,99.9,110.0,0.47
1084,Los Angeles Clippers 1997-98,False,0.207,103.3,111.2,0.477
1085,New York Knicks 2018-19,False,0.207,104.5,113.7,0.49
1086,Sacramento Kings 2008-09,False,0.207,105.5,114.7,0.491
1087,Cleveland Cavaliers 2002-03,False,0.207,96.5,106.7,0.444
1088,Golden State Warriors 2000-01,False,0.207,97.8,107.4,0.429
1089,New Jersey Nets 1989-90,False,0.207,100.7,108.6,0.435
1090,San Diego Clippers 1981-82,False,0.207,106.6,113.8,0.507
1091,Los Angeles Clippers 1987-88,False,0.207,97.4,107.6,0.449
1092,Minnesota Timberwolves 2014-15,False,0.195,102.9,112.2,0.468
1093,Toronto Raptors 1997-98,False,0.195,101.2,111.0,0.462
1094,Phoenix Suns 2019-20,False,0.41,109.9,110.8,0.527
1095,Portland Trail Blazers 2019-20,False,0.4,109.8,112.2,0.514
1096,Detroit Pistons 1979-80,False,0.195,101.2,108.8,0.483
1097,New Jersey Nets 1998-99,False,0.32,99.5,103.6,0.434
1098,Dallas Mavericks 1980-81,False,0.183,102.4,110.8,0.466
1099,Miami Heat 1988-89,False,0.183,97.8,109.0,0.459
1100,Milwaukee Bucks 2013-14,False,0.183,103.0,111.8,0.479
1101,Chicago Bulls 2000-01,False,0.183,97.2,107.3,0.45
1102,Vancouver Grizzlies 1995-96,False,0.183,97.6,108.5,0.456
1103,Minnesota Timberwolves 2019-20,False,0.395,106.7,109.5,0.501
1104,Los Angeles Clippers 1999-00,False,0.183,97.8,110.1,0.458
1105,Minnesota Timberwolves 1991-92,False,0.183,105.0,112.4,0.467
1106,Charlotte Hornets 2019-20,False,0.357,106.3,113.2,0.508
1107,Miami Heat 2007-08,False,0.183,100.5,110.0,0.482
1108,Sacramento Kings 2019-20,False,0.385,107.4,110.2,0.521
1109,Boston Celtics 1996-97,False,0.183,103.9,111.4,0.474
1110,Cleveland Cavaliers 1981-82,False,0.183,103.3,111.8,0.466
1111,Minnesota Timberwolves 2009-10,False,0.183,101.7,111.6,0.478
1112,New Orleans Pelicans 2019-20,False,0.35,109.0,112.8,0.528
1113,Houston Rockets 1982-83,False,0.171,97.0,108.3,0.453
1114,Vancouver Grizzlies 1996-97,False,0.171,100.3,111.8,0.471
1115,Chicago Bulls 2019-20,False,0.35,105.3,107.1,0.504
1116,Detroit Pistons 2019-20,False,0.35,109.3,112.2,0.533
1117,Denver Nuggets 1998-99,False,0.28,103.1,110.4,0.459
1118,Chicago Bulls 1998-99,False,0.26,92.4,103.0,0.424
1119,Washington Wizards 2019-20,False,0.333,111.2,116.0,0.523
1120,Dallas Mavericks 1993-94,False,0.159,100.4,109.6,0.449
1121,Atlanta Hawks 2004-05,False,0.159,100.6,111.1,0.464
1122,Cleveland Cavaliers 2019-20,False,0.308,106.1,114.4,0.514
1123,New Jersey Nets 2009-10,False,0.146,100.6,110.5,0.458
1124,Los Angeles Clippers 1986-87,False,0.146,101.2,112.3,0.457
1125,New York Knicks 2019-20,False,0.275,105.6,113.6,0.494
1126,Dallas Mavericks 1992-93,False,0.134,99.5,114.7,0.455
1127,Denver Nuggets 1997-98,False,0.134,99.0,112.1,0.44
1128,Philadelphia 76ers 2015-16,False,0.122,98.8,109.2,0.487
1129,Golden State Warriors 2019-20,False,0.22,103.6,111.7,0.483
1130,Los Angeles Clippers 1998-99,False,0.18,100.0,109.7,0.454
1131,Atlanta Hawks 2019-20,False,0.2,103.0,112.6,0.502
1132,Vancouver Grizzlies 1998-99,False,0.16,98.4,107.9,0.447
1133,Charlotte Bobcats 2011-12,False,0.106,95.2,110.4,0.439
